{
  "loss_history": [
    2.17564483684934,
    2.2544820074728893,
    1.473046171794473,
    0.9139956555321144,
    0.8435891025498562,
    0.7560219875754504,
    0.519066495838851,
    0.5907907167238176,
    0.4337144255723203,
    0.4328024185599691,
    0.4734585076767801,
    0.30513887811022244,
    0.32217089043707386,
    0.269556603934331,
    0.21069691392153472,
    0.27204700768981765,
    0.22561849149977356,
    0.21192500889434202,
    0.2131890463748444,
    0.17832284240813798,
    0.11885302731167502,
    0.12735365063873613,
    0.10763199526816808,
    0.11996109018456898,
    0.09460641861337613,
    0.0749397358110328,
    0.08509645327083541,
    0.08124034218125646,
    0.06983606376209522,
    0.04887797291709971,
    0.03386918095696036,
    0.03077641951480511,
    0.031712346018586295,
    0.02059006690110262,
    0.01594601117501311,
    0.018153181103462212,
    0.016181024872872856,
    0.01348478039052431,
    0.012940218086039257,
    0.011871585193820842,
    0.0107257205814022,
    0.00997980728718391,
    0.009549647265050868,
    0.009192680283878873,
    0.00888023459666117,
    0.008601862486017858,
    0.008352043792470553,
    0.008128638409398627,
    0.007927669237317697,
    0.007744722823531861
  ],
  "accuracy_history": [
    0.6436781609195402,
    0.6398467432950191,
    0.7318007662835249,
    0.8084291187739464,
    0.8045977011494253,
    0.8659003831417624,
    0.8582375478927203,
    0.8659003831417624,
    0.9042145593869731,
    0.89272030651341,
    0.89272030651341,
    0.9080459770114943,
    0.9272030651340997,
    0.9578544061302682,
    0.9425287356321839,
    0.946360153256705,
    0.9386973180076629,
    0.9348659003831418,
    0.9272030651340997,
    0.9655172413793104,
    0.9731800766283525,
    0.9770114942528736,
    0.9808429118773946,
    0.9808429118773946,
    0.9846743295019157,
    0.9846743295019157,
    0.9770114942528736,
    0.9731800766283525,
    0.9731800766283525,
    0.9885057471264368,
    0.9923371647509579,
    0.9961685823754789,
    0.9885057471264368,
    0.9961685823754789,
    1.0,
    0.9961685823754789,
    1.0,
    1.0,
    1.0,
    1.0,
    1.0,
    1.0,
    1.0,
    1.0,
    1.0,
    1.0,
    1.0,
    1.0,
    1.0,
    1.0
  ],
  "predictions": [
    0,
    0,
    0,
    0,
    0,
    0,
    0,
    0,
    0,
    0,
    0,
    0,
    0,
    0,
    0,
    0,
    0,
    0,
    0,
    0,
    0,
    0,
    0,
    0,
    0,
    0,
    0,
    0,
    0,
    0,
    0,
    0,
    0,
    0,
    0,
    2,
    0,
    0,
    0,
    0,
    0,
    0,
    0,
    0,
    2,
    0,
    2,
    0,
    0,
    0,
    2,
    2,
    0,
    0,
    0,
    0,
    0,
    0,
    2,
    0,
    0,
    0,
    0,
    0,
    0,
    0,
    0,
    0,
    0,
    0,
    0,
    0,
    2,
    0,
    2,
    0,
    0,
    2,
    0,
    0,
    0,
    0,
    0,
    0,
    0,
    1,
    1,
    1,
    1,
    1,
    1,
    1,
    1,
    1,
    1,
    1,
    1,
    1,
    1,
    1,
    1,
    1,
    1,
    1,
    1,
    1,
    1,
    1,
    1,
    1,
    1,
    1,
    1,
    1,
    1,
    1,
    1,
    1,
    1,
    1,
    1,
    1,
    1,
    1,
    1,
    1,
    1,
    1,
    1,
    1,
    1,
    1,
    1,
    1,
    1,
    1,
    1,
    1,
    1,
    1,
    1,
    1,
    1,
    1,
    1,
    1,
    1,
    1,
    1,
    1,
    1,
    1,
    1,
    1,
    1,
    1,
    1,
    1,
    1,
    1,
    1,
    1,
    1,
    1,
    1,
    1,
    1,
    1,
    1,
    1,
    1,
    1,
    1,
    1,
    1,
    1,
    2,
    2,
    2,
    2,
    2,
    2,
    2,
    2,
    2,
    2,
    2,
    2,
    2,
    2,
    2,
    2,
    2,
    2,
    2,
    2,
    2,
    2,
    2,
    2,
    2,
    2,
    2,
    2,
    2,
    2,
    2,
    2,
    2,
    2,
    2,
    2,
    2,
    2,
    2,
    2,
    2,
    2,
    2,
    2,
    2,
    2,
    2,
    2,
    2,
    2,
    2,
    2,
    2,
    2,
    2,
    2,
    2,
    2,
    2,
    2,
    2,
    2,
    2,
    2,
    2,
    2,
    2,
    2,
    2,
    2,
    2,
    2,
    2,
    2,
    2,
    2,
    2,
    2,
    2,
    2,
    2,
    2,
    2,
    2,
    2
  ],
  "true_labels": [
    0,
    0,
    0,
    0,
    0,
    0,
    0,
    0,
    0,
    0,
    0,
    0,
    0,
    0,
    0,
    0,
    0,
    0,
    0,
    0,
    0,
    0,
    0,
    0,
    0,
    0,
    0,
    0,
    0,
    0,
    0,
    0,
    0,
    0,
    0,
    0,
    0,
    0,
    0,
    0,
    0,
    0,
    0,
    0,
    0,
    0,
    0,
    0,
    0,
    0,
    0,
    0,
    0,
    0,
    0,
    0,
    0,
    0,
    0,
    0,
    0,
    0,
    0,
    0,
    0,
    0,
    0,
    0,
    0,
    0,
    0,
    0,
    0,
    0,
    0,
    0,
    0,
    0,
    0,
    0,
    0,
    0,
    0,
    0,
    0,
    1,
    1,
    1,
    1,
    1,
    1,
    1,
    1,
    1,
    1,
    1,
    1,
    1,
    1,
    1,
    1,
    1,
    1,
    1,
    1,
    1,
    1,
    1,
    1,
    1,
    1,
    1,
    1,
    1,
    1,
    1,
    1,
    1,
    1,
    1,
    1,
    1,
    1,
    1,
    1,
    1,
    1,
    1,
    1,
    1,
    1,
    1,
    1,
    1,
    1,
    1,
    1,
    1,
    1,
    1,
    1,
    1,
    1,
    1,
    1,
    1,
    1,
    1,
    1,
    1,
    1,
    1,
    1,
    1,
    1,
    1,
    1,
    1,
    1,
    1,
    1,
    1,
    1,
    1,
    1,
    1,
    1,
    1,
    1,
    1,
    1,
    1,
    1,
    1,
    1,
    1,
    2,
    2,
    2,
    2,
    2,
    2,
    2,
    2,
    2,
    2,
    2,
    2,
    2,
    2,
    2,
    2,
    2,
    2,
    2,
    2,
    2,
    2,
    2,
    2,
    2,
    2,
    2,
    2,
    2,
    2,
    2,
    2,
    2,
    2,
    2,
    2,
    2,
    2,
    2,
    2,
    2,
    2,
    2,
    2,
    2,
    2,
    2,
    2,
    2,
    2,
    2,
    2,
    2,
    2,
    2,
    2,
    2,
    2,
    2,
    2,
    2,
    2,
    2,
    2,
    2,
    2,
    2,
    2,
    2,
    2,
    2,
    2,
    2,
    2,
    2,
    2,
    2,
    2,
    2,
    2,
    2,
    2,
    2,
    2,
    2
  ]
}